{"cameraMode":{"drawMode":0,"name":"Shaded","section":"Shading Mode"},"sceneLighting":false,"audioPlay":false,"sceneViewState":{"m_AlwaysRefresh":false,"showFog":true,"showSkybox":false,"showFlares":true,"showImageEffects":true,"showParticleSystems":true,"showVisualEffectGraphs":true,"m_FxEnabled":true},"in2DMode":false,"pivot":{"x":1.9771912097930909,"y":-13.225619316101075,"z":110.29264831542969},"rotation":{"x":-0.4325721859931946,"y":-0.003499029902741313,"z":0.0017269484233111144,"w":-0.9016828536987305},"size":17.911766052246095,"orthographic":false}