{"cameraMode":{"drawMode":0,"name":"Shaded","section":"Shading Mode"},"sceneLighting":false,"audioPlay":false,"sceneViewState":{"m_AlwaysRefresh":false,"showFog":true,"showSkybox":false,"showFlares":true,"showImageEffects":true,"showParticleSystems":true,"showVisualEffectGraphs":true,"m_FxEnabled":true},"in2DMode":false,"pivot":{"x":-0.6061474084854126,"y":0.8953769207000732,"z":-2.1003823280334474},"rotation":{"x":0.0018256695475429297,"y":-0.9979848265647888,"z":0.05425330996513367,"w":0.03355252742767334},"size":2.782975912094116,"orthographic":false}