{"cameraMode":{"drawMode":0,"name":"Shaded","section":"Shading Mode"},"sceneLighting":false,"audioPlay":false,"sceneViewState":{"m_AlwaysRefresh":false,"showFog":true,"showSkybox":false,"showFlares":true,"showImageEffects":true,"showParticleSystems":true,"showVisualEffectGraphs":true,"m_FxEnabled":true},"in2DMode":false,"pivot":{"x":0.0001563429832458496,"y":1.2180919647216797,"z":0.03072267770767212},"rotation":{"x":-0.005795431323349476,"y":-0.8224160075187683,"z":-0.008382146246731282,"w":0.5688340067863464},"size":2.050344944000244,"orthographic":false}