{"cameraMode":{"drawMode":0,"name":"Shaded","section":"Shading Mode"},"sceneLighting":false,"audioPlay":false,"sceneViewState":{"m_AlwaysRefresh":false,"showFog":false,"showSkybox":false,"showFlares":false,"showImageEffects":false,"showParticleSystems":false,"showVisualEffectGraphs":true,"m_FxEnabled":true},"in2DMode":false,"pivot":{"x":-2.384185791015625e-7,"y":0.8887109756469727,"z":-0.004410207271575928},"rotation":{"x":0.0033007836900651457,"y":-0.995261549949646,"z":0.09012670814990998,"w":0.03645004332065582},"size":1.3717647790908814,"orthographic":false}