{"cameraMode":{"drawMode":0,"name":"Shaded","section":"Shading Mode"},"sceneLighting":false,"audioPlay":false,"sceneViewState":{"m_AlwaysRefresh":false,"showFog":true,"showSkybox":false,"showFlares":true,"showImageEffects":true,"showParticleSystems":true,"showVisualEffectGraphs":true,"m_FxEnabled":true},"in2DMode":false,"pivot":{"x":-0.7676413655281067,"y":30.202333450317384,"z":144.15301513671876},"rotation":{"x":-0.38882261514663699,"y":0.0039032825734466316,"z":-0.0016311784274876118,"w":-0.9214297533035278},"size":35.71622085571289,"orthographic":false}