{"cameraMode":{"drawMode":0,"name":"Shaded","section":"Shading Mode"},"sceneLighting":false,"audioPlay":false,"sceneViewState":{"m_AlwaysRefresh":false,"showFog":true,"showSkybox":false,"showFlares":true,"showImageEffects":true,"showParticleSystems":true,"showVisualEffectGraphs":true,"m_FxEnabled":true},"in2DMode":false,"pivot":{"x":0.130376398563385,"y":0.5255606174468994,"z":0.7985148429870606},"rotation":{"x":-0.01712891273200512,"y":0.9812995195388794,"z":-0.16068804264068604,"w":-0.1046074703335762},"size":1.2736493349075318,"orthographic":false}