{"cameraMode":{"drawMode":0,"name":"Shaded","section":"Shading Mode"},"sceneLighting":false,"audioPlay":false,"sceneViewState":{"m_AlwaysRefresh":false,"showFog":true,"showSkybox":false,"showFlares":true,"showImageEffects":true,"showParticleSystems":true,"showVisualEffectGraphs":true,"m_FxEnabled":true},"in2DMode":false,"pivot":{"x":0.04571834206581116,"y":3.717193365097046,"z":-0.388901948928833},"rotation":{"x":-0.0038032883312553169,"y":0.9936717748641968,"z":-0.10653969645500183,"w":-0.03548960015177727},"size":4.330964088439941,"orthographic":false}