{"cameraMode":{"drawMode":0,"name":"Shaded","section":"Shading Mode"},"sceneLighting":false,"audioPlay":false,"sceneViewState":{"m_AlwaysRefresh":false,"showFog":true,"showSkybox":false,"showFlares":true,"showImageEffects":true,"showParticleSystems":true,"showVisualEffectGraphs":true,"m_FxEnabled":true},"in2DMode":false,"pivot":{"x":-0.15528380870819093,"y":1.1095054149627686,"z":-0.3727128505706787},"rotation":{"x":-0.10557570308446884,"y":0.6164664626121521,"z":-0.08399182558059693,"w":-0.775861382484436},"size":1.2247449159622193,"orthographic":false}