{"cameraMode":{"drawMode":0,"name":"Shaded","section":"Shading Mode"},"sceneLighting":false,"audioPlay":false,"sceneViewState":{"m_AlwaysRefresh":false,"showFog":true,"showSkybox":false,"showFlares":true,"showImageEffects":true,"showParticleSystems":true,"showVisualEffectGraphs":true,"m_FxEnabled":true},"in2DMode":false,"pivot":{"x":-3.0953664779663088,"y":-84.95404052734375,"z":191.60882568359376},"rotation":{"x":0.3144211173057556,"y":0.0008314522565342486,"z":-0.00019683284335769713,"w":0.9493986368179321},"size":139.75674438476563,"orthographic":false}