{"cameraMode":{"drawMode":0,"name":"Shaded","section":"Shading Mode"},"sceneLighting":false,"audioPlay":false,"sceneViewState":{"m_AlwaysRefresh":false,"showFog":true,"showSkybox":false,"showFlares":true,"showImageEffects":true,"showParticleSystems":true,"showVisualEffectGraphs":true,"m_FxEnabled":true},"in2DMode":false,"pivot":{"x":11.361530303955079,"y":2.2474520206451418,"z":225.38125610351563},"rotation":{"x":-0.20320568978786469,"y":0.4705584645271301,"z":-0.11234284192323685,"w":-0.8513734340667725},"size":10.582236289978028,"orthographic":false}