{"cameraMode":{"drawMode":0,"name":"Shaded","section":"Shading Mode"},"sceneLighting":false,"audioPlay":false,"sceneViewState":{"m_AlwaysRefresh":false,"showFog":true,"showSkybox":false,"showFlares":true,"showImageEffects":true,"showParticleSystems":true,"showVisualEffectGraphs":true,"m_FxEnabled":true},"in2DMode":false,"pivot":{"x":-0.10125301778316498,"y":1.0324628353118897,"z":0.08382683992385864},"rotation":{"x":0.00037327720201574266,"y":-0.9946247339248657,"z":0.10362393409013748,"w":0.003588310442864895},"size":1.5084707736968995,"orthographic":false}