{"cameraMode":{"drawMode":0,"name":"Shaded","section":"Shading Mode"},"sceneLighting":false,"audioPlay":false,"sceneViewState":{"m_AlwaysRefresh":false,"showFog":true,"showSkybox":false,"showFlares":true,"showImageEffects":true,"showParticleSystems":true,"showVisualEffectGraphs":true,"m_FxEnabled":true},"in2DMode":false,"pivot":{"x":2.2998249530792238,"y":0.2274082452058792,"z":0.22375571727752686},"rotation":{"x":0.020538920536637307,"y":-0.6929035782814026,"z":0.01975310407578945,"w":0.7204675078392029},"size":0.25208809971809389,"orthographic":false}