{"cameraMode":{"drawMode":0,"name":"Shaded","section":"Shading Mode"},"sceneLighting":false,"audioPlay":false,"sceneViewState":{"m_AlwaysRefresh":false,"showFog":true,"showSkybox":false,"showFlares":true,"showImageEffects":true,"showParticleSystems":true,"showVisualEffectGraphs":true,"m_FxEnabled":true},"in2DMode":false,"pivot":{"x":-0.2722563147544861,"y":1.357920527458191,"z":-0.1308344006538391},"rotation":{"x":0.002782475436106324,"y":-0.9939798712730408,"z":0.10657211393117905,"w":0.025956161320209504},"size":1.4569200277328492,"orthographic":false}