{"cameraMode":{"drawMode":0,"name":"Shaded","section":"Shading Mode"},"sceneLighting":false,"audioPlay":false,"sceneViewState":{"m_AlwaysRefresh":false,"showFog":true,"showSkybox":false,"showFlares":true,"showImageEffects":true,"showParticleSystems":true,"showVisualEffectGraphs":true,"m_FxEnabled":true},"in2DMode":false,"pivot":{"x":0.1658625304698944,"y":0.5728306770324707,"z":1.7559237480163575},"rotation":{"x":-0.19313783943653108,"y":-0.09637537598609925,"z":0.01910495012998581,"w":-0.9762983322143555},"size":2.1002402305603029,"orthographic":false}