{"cameraMode":{"drawMode":0,"name":"Shaded","section":"Shading Mode"},"sceneLighting":false,"audioPlay":false,"sceneViewState":{"m_AlwaysRefresh":false,"showFog":true,"showSkybox":false,"showFlares":true,"showImageEffects":true,"showParticleSystems":true,"showVisualEffectGraphs":true,"m_FxEnabled":true},"in2DMode":false,"pivot":{"x":0.9579348564147949,"y":0.9541851282119751,"z":1.1223511695861817},"rotation":{"x":-0.004691458307206631,"y":0.8417106866836548,"z":0.00731530599296093,"w":0.5398683547973633},"size":1.2247449159622193,"orthographic":false}