{"cameraMode":{"drawMode":0,"name":"Shaded","section":"Shading Mode"},"sceneLighting":false,"audioPlay":false,"sceneViewState":{"m_AlwaysRefresh":false,"showFog":false,"showSkybox":false,"showFlares":false,"showImageEffects":false,"showParticleSystems":false,"showVisualEffectGraphs":true,"m_FxEnabled":true},"in2DMode":false,"pivot":{"x":1.0303921699523926,"y":-0.14605140686035157,"z":-11.673080444335938},"rotation":{"x":-0.010843774303793908,"y":-0.9818997383117676,"z":0.059289850294589999,"w":-0.17958182096481324},"size":11.450885772705079,"orthographic":false}