{"cameraMode":{"drawMode":0,"name":"Shaded","section":"Shading Mode"},"sceneLighting":false,"audioPlay":false,"sceneViewState":{"m_AlwaysRefresh":false,"showFog":true,"showSkybox":false,"showFlares":true,"showImageEffects":true,"showParticleSystems":true,"showVisualEffectGraphs":true,"m_FxEnabled":true},"in2DMode":false,"pivot":{"x":0.20697861909866334,"y":1.4587204456329346,"z":0.7678112983703613},"rotation":{"x":-0.061637993901968,"y":0.5712324380874634,"z":-0.04315949231386185,"w":-0.8174493312835693},"size":1.5231643915176392,"orthographic":false}