{"cameraMode":{"drawMode":0,"name":"Shaded","section":"Shading Mode"},"sceneLighting":true,"audioPlay":false,"sceneViewState":{"m_AlwaysRefresh":false,"showFog":true,"showSkybox":true,"showFlares":true,"showImageEffects":true,"showParticleSystems":true,"showVisualEffectGraphs":true,"m_FxEnabled":true},"in2DMode":false,"pivot":{"x":6.265323162078857,"y":1.1014059782028199,"z":113.9497299194336},"rotation":{"x":-0.0038119005039334299,"y":-0.9936550855636597,"z":-0.035479526966810229,"w":0.10683710128068924},"size":0.5295268893241882,"orthographic":false}