{"cameraMode":{"drawMode":0,"name":"Shaded","section":"Shading Mode"},"sceneLighting":true,"audioPlay":false,"sceneViewState":{"m_AlwaysRefresh":false,"showFog":true,"showSkybox":true,"showFlares":true,"showImageEffects":true,"showParticleSystems":true,"showVisualEffectGraphs":true,"m_FxEnabled":true},"in2DMode":false,"pivot":{"x":6.48183536529541,"y":82.27751922607422,"z":-50.84239196777344},"rotation":{"x":-0.27471092343330386,"y":0.08122511953115463,"z":-0.023290228098630906,"w":-0.9578213095664978},"size":0.22593453526496888,"orthographic":false}