{"cameraMode":{"drawMode":0,"name":"Shaded","section":"Shading Mode"},"sceneLighting":true,"audioPlay":false,"sceneViewState":{"m_AlwaysRefresh":false,"showFog":true,"showSkybox":true,"showFlares":true,"showImageEffects":true,"showParticleSystems":true,"showVisualEffectGraphs":true,"m_FxEnabled":true},"in2DMode":false,"pivot":{"x":9.530173301696778,"y":1.9859596490859986,"z":664.1432495117188},"rotation":{"x":0.13940408825874329,"y":-0.8315182328224182,"z":0.24119293689727784,"w":0.48064491152763369},"size":0.0041487920098006729,"orthographic":false}