{"cameraMode":{"drawMode":0,"name":"Shaded","section":"Shading Mode"},"sceneLighting":true,"audioPlay":false,"sceneViewState":{"m_AlwaysRefresh":false,"showFog":true,"showSkybox":true,"showFlares":true,"showImageEffects":true,"showParticleSystems":true,"showVisualEffectGraphs":true,"m_FxEnabled":true},"in2DMode":false,"pivot":{"x":23.716262817382814,"y":172.79232788085938,"z":69.00543212890625},"rotation":{"x":-0.06397588551044464,"y":-0.25979554653167727,"z":0.01725170575082302,"w":-0.9633911848068237},"size":337.27288818359377,"orthographic":false}