{"cameraMode":{"drawMode":0,"name":"Shaded","section":"Shading Mode"},"sceneLighting":true,"audioPlay":false,"sceneViewState":{"m_AlwaysRefresh":false,"showFog":true,"showSkybox":true,"showFlares":true,"showImageEffects":true,"showParticleSystems":true,"showVisualEffectGraphs":true,"m_FxEnabled":true},"in2DMode":false,"pivot":{"x":-16.237659454345704,"y":-3.73297119140625,"z":49.132606506347659},"rotation":{"x":-0.20270289480686189,"y":-0.043162550777196887,"z":0.008923138491809368,"w":-0.9782881736755371},"size":51.989532470703128,"orthographic":false}