{"cameraMode":{"drawMode":0,"name":"Shaded","section":"Shading Mode"},"sceneLighting":true,"audioPlay":false,"sceneViewState":{"m_AlwaysRefresh":false,"showFog":true,"showSkybox":true,"showFlares":true,"showImageEffects":true,"showParticleSystems":true,"showVisualEffectGraphs":true,"m_FxEnabled":true},"in2DMode":false,"pivot":{"x":-17.839920043945314,"y":20.082839965820314,"z":186.28192138671876},"rotation":{"x":0.11008747667074204,"y":0.43356913328170779,"z":0.0534636490046978,"w":-0.8927716612815857},"size":31.704227447509767,"orthographic":false}