{"cameraMode":{"drawMode":0,"name":"Shaded","section":"Shading Mode"},"sceneLighting":true,"audioPlay":false,"sceneViewState":{"m_AlwaysRefresh":false,"showFog":true,"showSkybox":true,"showFlares":true,"showImageEffects":true,"showParticleSystems":true,"showVisualEffectGraphs":true,"m_FxEnabled":true},"in2DMode":false,"pivot":{"x":-24.55161476135254,"y":8.001394271850586,"z":55.11737060546875},"rotation":{"x":-0.11225517094135285,"y":-0.07504124194383621,"z":0.008479945361614228,"w":-0.9908456206321716},"size":51.989532470703128,"orthographic":false}