{"cameraMode":{"drawMode":0,"name":"Shaded","section":"Shading Mode"},"sceneLighting":true,"audioPlay":false,"sceneViewState":{"m_AlwaysRefresh":false,"showFog":true,"showSkybox":true,"showFlares":true,"showImageEffects":true,"showParticleSystems":true,"showVisualEffectGraphs":true,"m_FxEnabled":true},"in2DMode":false,"pivot":{"x":-14.584345817565918,"y":1.2399399280548096,"z":55.98401641845703},"rotation":{"x":-0.011122631840407849,"y":-0.6628139019012451,"z":-0.010051952674984932,"w":0.7488234639167786},"size":1.5949363708496094,"orthographic":false}