{"cameraMode":{"drawMode":0,"name":"Shaded","section":"Shading Mode"},"sceneLighting":false,"audioPlay":false,"sceneViewState":{"m_AlwaysRefresh":false,"showFog":true,"showSkybox":false,"showFlares":true,"showImageEffects":true,"showParticleSystems":true,"showVisualEffectGraphs":true,"m_FxEnabled":true},"in2DMode":false,"pivot":{"x":0.0001563429832458496,"y":1.2180919647216797,"z":0.03072267770767212},"rotation":{"x":0.007286884356290102,"y":-0.6996309757232666,"z":-0.007124488241970539,"w":-0.7144721746444702},"size":2.050344944000244,"orthographic":false}