{"cameraMode":{"drawMode":0,"name":"Shaded","section":"Shading Mode"},"sceneLighting":false,"audioPlay":false,"sceneViewState":{"m_AlwaysRefresh":false,"showFog":true,"showSkybox":false,"showFlares":true,"showImageEffects":true,"showParticleSystems":true,"showVisualEffectGraphs":true,"m_FxEnabled":true},"in2DMode":false,"pivot":{"x":2.3969497680664064,"y":1.5616873502731324,"z":0.6334128379821777},"rotation":{"x":-0.02531449869275093,"y":-0.9602599143981934,"z":0.09276926517486572,"w":-0.2620351016521454},"size":3.3719429969787599,"orthographic":false}