{"cameraMode":{"drawMode":0,"name":"Shaded","section":"Shading Mode"},"sceneLighting":false,"audioPlay":false,"sceneViewState":{"m_AlwaysRefresh":false,"showFog":true,"showSkybox":false,"showFlares":true,"showImageEffects":true,"showParticleSystems":true,"showVisualEffectGraphs":true,"m_FxEnabled":true},"in2DMode":false,"pivot":{"x":0.29858359694480898,"y":0.031968891620635989,"z":0.38376355171203616},"rotation":{"x":-0.0007769552757963538,"y":0.9906431436538696,"z":-0.13638147711753846,"w":-0.005646754987537861},"size":1.2620702981948853,"orthographic":false}