{"cameraMode":{"drawMode":0,"name":"Shaded","section":"Shading Mode"},"sceneLighting":false,"audioPlay":false,"sceneViewState":{"m_AlwaysRefresh":false,"showFog":true,"showSkybox":false,"showFlares":true,"showImageEffects":true,"showParticleSystems":true,"showVisualEffectGraphs":true,"m_FxEnabled":true},"in2DMode":false,"pivot":{"x":0.44403260946273806,"y":1.665693998336792,"z":0.8469091653823853},"rotation":{"x":0.31408125162124636,"y":-0.042714860290288928,"z":0.014127545058727265,"w":0.948374330997467},"size":0.3819771707057953,"orthographic":false}