{"cameraMode":{"drawMode":0,"name":"Shaded","section":"Shading Mode"},"sceneLighting":false,"audioPlay":false,"sceneViewState":{"m_AlwaysRefresh":false,"showFog":true,"showSkybox":false,"showFlares":true,"showImageEffects":true,"showParticleSystems":true,"showVisualEffectGraphs":true,"m_FxEnabled":true},"in2DMode":false,"pivot":{"x":0.08572278916835785,"y":1.3902915716171265,"z":0.007115215063095093},"rotation":{"x":0.00037327720201574266,"y":-0.9946247339248657,"z":0.10362393409013748,"w":0.003588310442864895},"size":1.4735021591186524,"orthographic":false}