{"cameraMode":{"drawMode":0,"name":"Shaded","section":"Shading Mode"},"sceneLighting":false,"audioPlay":false,"sceneViewState":{"m_AlwaysRefresh":false,"showFog":true,"showSkybox":false,"showFlares":true,"showImageEffects":true,"showParticleSystems":true,"showVisualEffectGraphs":true,"m_FxEnabled":true},"in2DMode":false,"pivot":{"x":-0.0931006669998169,"y":1.218972086906433,"z":-0.4332376718521118},"rotation":{"x":-0.043937619775533679,"y":-0.7982850670814514,"z":0.05886513367295265,"w":-0.5980204939842224},"size":1.6633332967758179,"orthographic":false}